Phase,PhaseIdent,X(m),Y(m),MaterialId,ElementId,Ux(m),Uy(m),Utot(m),PUx(m),PUy(m),PUtot(m),U1(m),U2(m),N(kN)
Phase_19,Ramped Internal Load [Phase_19],-10.000000,105.100000,5,1,-0.040659,-0.031886,0.051671,-0.002501,-0.001676,0.003011,-0.040659,-0.031886,577.097660
Phase_19,Ramped Internal Load [Phase_19],-10.000000,100.050000,4,2,-0.028083,-0.031734,0.042376,-0.000205,-0.001427,0.001442,-0.028083,-0.031734,-3047.396281
